idx	run_id	config_path	out_dir	topology	arch	sparsity_knob	sparsity_value	seed
0	circle_relu_l1_l1_1e-04_seed0	/n/holylabs/mweber_lab/Everyone/cbrownpinilla/sae_topology/configs/sweep_v1/circle_relu_l1_l1_1e-04_seed0.yaml	/n/holylabs/mweber_lab/Everyone/cbrownpinilla/sae_topology/results/sweep_v1/circle/relu_l1/l1_1e-04_seed0	circle	relu_l1	l1_coeff	0.0001	0
1	circle_relu_l1_l1_1e-04_seed1	/n/holylabs/mweber_lab/Everyone/cbrownpinilla/sae_topology/configs/sweep_v1/circle_relu_l1_l1_1e-04_seed1.yaml	/n/holylabs/mweber_lab/Everyone/cbrownpinilla/sae_topology/results/sweep_v1/circle/relu_l1/l1_1e-04_seed1	circle	relu_l1	l1_coeff	0.0001	1
2	circle_relu_l1_l1_1e-04_seed2	/n/holylabs/mweber_lab/Everyone/cbrownpinilla/sae_topology/configs/sweep_v1/circle_relu_l1_l1_1e-04_seed2.yaml	/n/holylabs/mweber_lab/Everyone/cbrownpinilla/sae_topology/results/sweep_v1/circle/relu_l1/l1_1e-04_seed2	circle	relu_l1	l1_coeff	0.0001	2
3	circle_relu_l1_l1_3e-04_seed0	/n/holylabs/mweber_lab/Everyone/cbrownpinilla/sae_topology/configs/sweep_v1/circle_relu_l1_l1_3e-04_seed0.yaml	/n/holylabs/mweber_lab/Everyone/cbrownpinilla/sae_topology/results/sweep_v1/circle/relu_l1/l1_3e-04_seed0	circle	relu_l1	l1_coeff	0.0003	0
4	circle_relu_l1_l1_3e-04_seed1	/n/holylabs/mweber_lab/Everyone/cbrownpinilla/sae_topology/configs/sweep_v1/circle_relu_l1_l1_3e-04_seed1.yaml	/n/holylabs/mweber_lab/Everyone/cbrownpinilla/sae_topology/results/sweep_v1/circle/relu_l1/l1_3e-04_seed1	circle	relu_l1	l1_coeff	0.0003	1
5	circle_relu_l1_l1_3e-04_seed2	/n/holylabs/mweber_lab/Everyone/cbrownpinilla/sae_topology/configs/sweep_v1/circle_relu_l1_l1_3e-04_seed2.yaml	/n/holylabs/mweber_lab/Everyone/cbrownpinilla/sae_topology/results/sweep_v1/circle/relu_l1/l1_3e-04_seed2	circle	relu_l1	l1_coeff	0.0003	2
6	circle_relu_l1_l1_1e-03_seed0	/n/holylabs/mweber_lab/Everyone/cbrownpinilla/sae_topology/configs/sweep_v1/circle_relu_l1_l1_1e-03_seed0.yaml	/n/holylabs/mweber_lab/Everyone/cbrownpinilla/sae_topology/results/sweep_v1/circle/relu_l1/l1_1e-03_seed0	circle	relu_l1	l1_coeff	0.001	0
7	circle_relu_l1_l1_1e-03_seed1	/n/holylabs/mweber_lab/Everyone/cbrownpinilla/sae_topology/configs/sweep_v1/circle_relu_l1_l1_1e-03_seed1.yaml	/n/holylabs/mweber_lab/Everyone/cbrownpinilla/sae_topology/results/sweep_v1/circle/relu_l1/l1_1e-03_seed1	circle	relu_l1	l1_coeff	0.001	1
8	circle_relu_l1_l1_1e-03_seed2	/n/holylabs/mweber_lab/Everyone/cbrownpinilla/sae_topology/configs/sweep_v1/circle_relu_l1_l1_1e-03_seed2.yaml	/n/holylabs/mweber_lab/Everyone/cbrownpinilla/sae_topology/results/sweep_v1/circle/relu_l1/l1_1e-03_seed2	circle	relu_l1	l1_coeff	0.001	2
9	circle_relu_l1_l1_3e-03_seed0	/n/holylabs/mweber_lab/Everyone/cbrownpinilla/sae_topology/configs/sweep_v1/circle_relu_l1_l1_3e-03_seed0.yaml	/n/holylabs/mweber_lab/Everyone/cbrownpinilla/sae_topology/results/sweep_v1/circle/relu_l1/l1_3e-03_seed0	circle	relu_l1	l1_coeff	0.003	0
10	circle_relu_l1_l1_3e-03_seed1	/n/holylabs/mweber_lab/Everyone/cbrownpinilla/sae_topology/configs/sweep_v1/circle_relu_l1_l1_3e-03_seed1.yaml	/n/holylabs/mweber_lab/Everyone/cbrownpinilla/sae_topology/results/sweep_v1/circle/relu_l1/l1_3e-03_seed1	circle	relu_l1	l1_coeff	0.003	1
11	circle_relu_l1_l1_3e-03_seed2	/n/holylabs/mweber_lab/Everyone/cbrownpinilla/sae_topology/configs/sweep_v1/circle_relu_l1_l1_3e-03_seed2.yaml	/n/holylabs/mweber_lab/Everyone/cbrownpinilla/sae_topology/results/sweep_v1/circle/relu_l1/l1_3e-03_seed2	circle	relu_l1	l1_coeff	0.003	2
12	circle_relu_l1_l1_1e-02_seed0	/n/holylabs/mweber_lab/Everyone/cbrownpinilla/sae_topology/configs/sweep_v1/circle_relu_l1_l1_1e-02_seed0.yaml	/n/holylabs/mweber_lab/Everyone/cbrownpinilla/sae_topology/results/sweep_v1/circle/relu_l1/l1_1e-02_seed0	circle	relu_l1	l1_coeff	0.01	0
13	circle_relu_l1_l1_1e-02_seed1	/n/holylabs/mweber_lab/Everyone/cbrownpinilla/sae_topology/configs/sweep_v1/circle_relu_l1_l1_1e-02_seed1.yaml	/n/holylabs/mweber_lab/Everyone/cbrownpinilla/sae_topology/results/sweep_v1/circle/relu_l1/l1_1e-02_seed1	circle	relu_l1	l1_coeff	0.01	1
14	circle_relu_l1_l1_1e-02_seed2	/n/holylabs/mweber_lab/Everyone/cbrownpinilla/sae_topology/configs/sweep_v1/circle_relu_l1_l1_1e-02_seed2.yaml	/n/holylabs/mweber_lab/Everyone/cbrownpinilla/sae_topology/results/sweep_v1/circle/relu_l1/l1_1e-02_seed2	circle	relu_l1	l1_coeff	0.01	2
15	circle_topk_k01_seed0	/n/holylabs/mweber_lab/Everyone/cbrownpinilla/sae_topology/configs/sweep_v1/circle_topk_k01_seed0.yaml	/n/holylabs/mweber_lab/Everyone/cbrownpinilla/sae_topology/results/sweep_v1/circle/topk/k01_seed0	circle	topk	k	1	0
16	circle_topk_k01_seed1	/n/holylabs/mweber_lab/Everyone/cbrownpinilla/sae_topology/configs/sweep_v1/circle_topk_k01_seed1.yaml	/n/holylabs/mweber_lab/Everyone/cbrownpinilla/sae_topology/results/sweep_v1/circle/topk/k01_seed1	circle	topk	k	1	1
17	circle_topk_k01_seed2	/n/holylabs/mweber_lab/Everyone/cbrownpinilla/sae_topology/configs/sweep_v1/circle_topk_k01_seed2.yaml	/n/holylabs/mweber_lab/Everyone/cbrownpinilla/sae_topology/results/sweep_v1/circle/topk/k01_seed2	circle	topk	k	1	2
18	circle_topk_k02_seed0	/n/holylabs/mweber_lab/Everyone/cbrownpinilla/sae_topology/configs/sweep_v1/circle_topk_k02_seed0.yaml	/n/holylabs/mweber_lab/Everyone/cbrownpinilla/sae_topology/results/sweep_v1/circle/topk/k02_seed0	circle	topk	k	2	0
19	circle_topk_k02_seed1	/n/holylabs/mweber_lab/Everyone/cbrownpinilla/sae_topology/configs/sweep_v1/circle_topk_k02_seed1.yaml	/n/holylabs/mweber_lab/Everyone/cbrownpinilla/sae_topology/results/sweep_v1/circle/topk/k02_seed1	circle	topk	k	2	1
20	circle_topk_k02_seed2	/n/holylabs/mweber_lab/Everyone/cbrownpinilla/sae_topology/configs/sweep_v1/circle_topk_k02_seed2.yaml	/n/holylabs/mweber_lab/Everyone/cbrownpinilla/sae_topology/results/sweep_v1/circle/topk/k02_seed2	circle	topk	k	2	2
21	circle_topk_k03_seed0	/n/holylabs/mweber_lab/Everyone/cbrownpinilla/sae_topology/configs/sweep_v1/circle_topk_k03_seed0.yaml	/n/holylabs/mweber_lab/Everyone/cbrownpinilla/sae_topology/results/sweep_v1/circle/topk/k03_seed0	circle	topk	k	3	0
22	circle_topk_k03_seed1	/n/holylabs/mweber_lab/Everyone/cbrownpinilla/sae_topology/configs/sweep_v1/circle_topk_k03_seed1.yaml	/n/holylabs/mweber_lab/Everyone/cbrownpinilla/sae_topology/results/sweep_v1/circle/topk/k03_seed1	circle	topk	k	3	1
23	circle_topk_k03_seed2	/n/holylabs/mweber_lab/Everyone/cbrownpinilla/sae_topology/configs/sweep_v1/circle_topk_k03_seed2.yaml	/n/holylabs/mweber_lab/Everyone/cbrownpinilla/sae_topology/results/sweep_v1/circle/topk/k03_seed2	circle	topk	k	3	2
24	circle_topk_k04_seed0	/n/holylabs/mweber_lab/Everyone/cbrownpinilla/sae_topology/configs/sweep_v1/circle_topk_k04_seed0.yaml	/n/holylabs/mweber_lab/Everyone/cbrownpinilla/sae_topology/results/sweep_v1/circle/topk/k04_seed0	circle	topk	k	4	0
25	circle_topk_k04_seed1	/n/holylabs/mweber_lab/Everyone/cbrownpinilla/sae_topology/configs/sweep_v1/circle_topk_k04_seed1.yaml	/n/holylabs/mweber_lab/Everyone/cbrownpinilla/sae_topology/results/sweep_v1/circle/topk/k04_seed1	circle	topk	k	4	1
26	circle_topk_k04_seed2	/n/holylabs/mweber_lab/Everyone/cbrownpinilla/sae_topology/configs/sweep_v1/circle_topk_k04_seed2.yaml	/n/holylabs/mweber_lab/Everyone/cbrownpinilla/sae_topology/results/sweep_v1/circle/topk/k04_seed2	circle	topk	k	4	2
27	circle_topk_k06_seed0	/n/holylabs/mweber_lab/Everyone/cbrownpinilla/sae_topology/configs/sweep_v1/circle_topk_k06_seed0.yaml	/n/holylabs/mweber_lab/Everyone/cbrownpinilla/sae_topology/results/sweep_v1/circle/topk/k06_seed0	circle	topk	k	6	0
28	circle_topk_k06_seed1	/n/holylabs/mweber_lab/Everyone/cbrownpinilla/sae_topology/configs/sweep_v1/circle_topk_k06_seed1.yaml	/n/holylabs/mweber_lab/Everyone/cbrownpinilla/sae_topology/results/sweep_v1/circle/topk/k06_seed1	circle	topk	k	6	1
29	circle_topk_k06_seed2	/n/holylabs/mweber_lab/Everyone/cbrownpinilla/sae_topology/configs/sweep_v1/circle_topk_k06_seed2.yaml	/n/holylabs/mweber_lab/Everyone/cbrownpinilla/sae_topology/results/sweep_v1/circle/topk/k06_seed2	circle	topk	k	6	2
30	circle_topk_k08_seed0	/n/holylabs/mweber_lab/Everyone/cbrownpinilla/sae_topology/configs/sweep_v1/circle_topk_k08_seed0.yaml	/n/holylabs/mweber_lab/Everyone/cbrownpinilla/sae_topology/results/sweep_v1/circle/topk/k08_seed0	circle	topk	k	8	0
31	circle_topk_k08_seed1	/n/holylabs/mweber_lab/Everyone/cbrownpinilla/sae_topology/configs/sweep_v1/circle_topk_k08_seed1.yaml	/n/holylabs/mweber_lab/Everyone/cbrownpinilla/sae_topology/results/sweep_v1/circle/topk/k08_seed1	circle	topk	k	8	1
32	circle_topk_k08_seed2	/n/holylabs/mweber_lab/Everyone/cbrownpinilla/sae_topology/configs/sweep_v1/circle_topk_k08_seed2.yaml	/n/holylabs/mweber_lab/Everyone/cbrownpinilla/sae_topology/results/sweep_v1/circle/topk/k08_seed2	circle	topk	k	8	2
33	circle_jumprelu_l0_1e-03_seed0	/n/holylabs/mweber_lab/Everyone/cbrownpinilla/sae_topology/configs/sweep_v1/circle_jumprelu_l0_1e-03_seed0.yaml	/n/holylabs/mweber_lab/Everyone/cbrownpinilla/sae_topology/results/sweep_v1/circle/jumprelu/l0_1e-03_seed0	circle	jumprelu	l0_coeff	0.001	0
34	circle_jumprelu_l0_1e-03_seed1	/n/holylabs/mweber_lab/Everyone/cbrownpinilla/sae_topology/configs/sweep_v1/circle_jumprelu_l0_1e-03_seed1.yaml	/n/holylabs/mweber_lab/Everyone/cbrownpinilla/sae_topology/results/sweep_v1/circle/jumprelu/l0_1e-03_seed1	circle	jumprelu	l0_coeff	0.001	1
35	circle_jumprelu_l0_1e-03_seed2	/n/holylabs/mweber_lab/Everyone/cbrownpinilla/sae_topology/configs/sweep_v1/circle_jumprelu_l0_1e-03_seed2.yaml	/n/holylabs/mweber_lab/Everyone/cbrownpinilla/sae_topology/results/sweep_v1/circle/jumprelu/l0_1e-03_seed2	circle	jumprelu	l0_coeff	0.001	2
36	circle_jumprelu_l0_2e-03_seed0	/n/holylabs/mweber_lab/Everyone/cbrownpinilla/sae_topology/configs/sweep_v1/circle_jumprelu_l0_2e-03_seed0.yaml	/n/holylabs/mweber_lab/Everyone/cbrownpinilla/sae_topology/results/sweep_v1/circle/jumprelu/l0_2e-03_seed0	circle	jumprelu	l0_coeff	0.002	0
37	circle_jumprelu_l0_2e-03_seed1	/n/holylabs/mweber_lab/Everyone/cbrownpinilla/sae_topology/configs/sweep_v1/circle_jumprelu_l0_2e-03_seed1.yaml	/n/holylabs/mweber_lab/Everyone/cbrownpinilla/sae_topology/results/sweep_v1/circle/jumprelu/l0_2e-03_seed1	circle	jumprelu	l0_coeff	0.002	1
38	circle_jumprelu_l0_2e-03_seed2	/n/holylabs/mweber_lab/Everyone/cbrownpinilla/sae_topology/configs/sweep_v1/circle_jumprelu_l0_2e-03_seed2.yaml	/n/holylabs/mweber_lab/Everyone/cbrownpinilla/sae_topology/results/sweep_v1/circle/jumprelu/l0_2e-03_seed2	circle	jumprelu	l0_coeff	0.002	2
39	circle_jumprelu_l0_3e-03_seed0	/n/holylabs/mweber_lab/Everyone/cbrownpinilla/sae_topology/configs/sweep_v1/circle_jumprelu_l0_3e-03_seed0.yaml	/n/holylabs/mweber_lab/Everyone/cbrownpinilla/sae_topology/results/sweep_v1/circle/jumprelu/l0_3e-03_seed0	circle	jumprelu	l0_coeff	0.003	0
40	circle_jumprelu_l0_3e-03_seed1	/n/holylabs/mweber_lab/Everyone/cbrownpinilla/sae_topology/configs/sweep_v1/circle_jumprelu_l0_3e-03_seed1.yaml	/n/holylabs/mweber_lab/Everyone/cbrownpinilla/sae_topology/results/sweep_v1/circle/jumprelu/l0_3e-03_seed1	circle	jumprelu	l0_coeff	0.003	1
41	circle_jumprelu_l0_3e-03_seed2	/n/holylabs/mweber_lab/Everyone/cbrownpinilla/sae_topology/configs/sweep_v1/circle_jumprelu_l0_3e-03_seed2.yaml	/n/holylabs/mweber_lab/Everyone/cbrownpinilla/sae_topology/results/sweep_v1/circle/jumprelu/l0_3e-03_seed2	circle	jumprelu	l0_coeff	0.003	2
42	circle_jumprelu_l0_5e-03_seed0	/n/holylabs/mweber_lab/Everyone/cbrownpinilla/sae_topology/configs/sweep_v1/circle_jumprelu_l0_5e-03_seed0.yaml	/n/holylabs/mweber_lab/Everyone/cbrownpinilla/sae_topology/results/sweep_v1/circle/jumprelu/l0_5e-03_seed0	circle	jumprelu	l0_coeff	0.005	0
43	circle_jumprelu_l0_5e-03_seed1	/n/holylabs/mweber_lab/Everyone/cbrownpinilla/sae_topology/configs/sweep_v1/circle_jumprelu_l0_5e-03_seed1.yaml	/n/holylabs/mweber_lab/Everyone/cbrownpinilla/sae_topology/results/sweep_v1/circle/jumprelu/l0_5e-03_seed1	circle	jumprelu	l0_coeff	0.005	1
44	circle_jumprelu_l0_5e-03_seed2	/n/holylabs/mweber_lab/Everyone/cbrownpinilla/sae_topology/configs/sweep_v1/circle_jumprelu_l0_5e-03_seed2.yaml	/n/holylabs/mweber_lab/Everyone/cbrownpinilla/sae_topology/results/sweep_v1/circle/jumprelu/l0_5e-03_seed2	circle	jumprelu	l0_coeff	0.005	2
45	circle_jumprelu_l0_7e-03_seed0	/n/holylabs/mweber_lab/Everyone/cbrownpinilla/sae_topology/configs/sweep_v1/circle_jumprelu_l0_7e-03_seed0.yaml	/n/holylabs/mweber_lab/Everyone/cbrownpinilla/sae_topology/results/sweep_v1/circle/jumprelu/l0_7e-03_seed0	circle	jumprelu	l0_coeff	0.007	0
46	circle_jumprelu_l0_7e-03_seed1	/n/holylabs/mweber_lab/Everyone/cbrownpinilla/sae_topology/configs/sweep_v1/circle_jumprelu_l0_7e-03_seed1.yaml	/n/holylabs/mweber_lab/Everyone/cbrownpinilla/sae_topology/results/sweep_v1/circle/jumprelu/l0_7e-03_seed1	circle	jumprelu	l0_coeff	0.007	1
47	circle_jumprelu_l0_7e-03_seed2	/n/holylabs/mweber_lab/Everyone/cbrownpinilla/sae_topology/configs/sweep_v1/circle_jumprelu_l0_7e-03_seed2.yaml	/n/holylabs/mweber_lab/Everyone/cbrownpinilla/sae_topology/results/sweep_v1/circle/jumprelu/l0_7e-03_seed2	circle	jumprelu	l0_coeff	0.007	2
48	torus_relu_l1_l1_1e-04_seed0	/n/holylabs/mweber_lab/Everyone/cbrownpinilla/sae_topology/configs/sweep_v1/torus_relu_l1_l1_1e-04_seed0.yaml	/n/holylabs/mweber_lab/Everyone/cbrownpinilla/sae_topology/results/sweep_v1/torus/relu_l1/l1_1e-04_seed0	torus	relu_l1	l1_coeff	0.0001	0
49	torus_relu_l1_l1_1e-04_seed1	/n/holylabs/mweber_lab/Everyone/cbrownpinilla/sae_topology/configs/sweep_v1/torus_relu_l1_l1_1e-04_seed1.yaml	/n/holylabs/mweber_lab/Everyone/cbrownpinilla/sae_topology/results/sweep_v1/torus/relu_l1/l1_1e-04_seed1	torus	relu_l1	l1_coeff	0.0001	1
50	torus_relu_l1_l1_1e-04_seed2	/n/holylabs/mweber_lab/Everyone/cbrownpinilla/sae_topology/configs/sweep_v1/torus_relu_l1_l1_1e-04_seed2.yaml	/n/holylabs/mweber_lab/Everyone/cbrownpinilla/sae_topology/results/sweep_v1/torus/relu_l1/l1_1e-04_seed2	torus	relu_l1	l1_coeff	0.0001	2
51	torus_relu_l1_l1_3e-04_seed0	/n/holylabs/mweber_lab/Everyone/cbrownpinilla/sae_topology/configs/sweep_v1/torus_relu_l1_l1_3e-04_seed0.yaml	/n/holylabs/mweber_lab/Everyone/cbrownpinilla/sae_topology/results/sweep_v1/torus/relu_l1/l1_3e-04_seed0	torus	relu_l1	l1_coeff	0.0003	0
52	torus_relu_l1_l1_3e-04_seed1	/n/holylabs/mweber_lab/Everyone/cbrownpinilla/sae_topology/configs/sweep_v1/torus_relu_l1_l1_3e-04_seed1.yaml	/n/holylabs/mweber_lab/Everyone/cbrownpinilla/sae_topology/results/sweep_v1/torus/relu_l1/l1_3e-04_seed1	torus	relu_l1	l1_coeff	0.0003	1
53	torus_relu_l1_l1_3e-04_seed2	/n/holylabs/mweber_lab/Everyone/cbrownpinilla/sae_topology/configs/sweep_v1/torus_relu_l1_l1_3e-04_seed2.yaml	/n/holylabs/mweber_lab/Everyone/cbrownpinilla/sae_topology/results/sweep_v1/torus/relu_l1/l1_3e-04_seed2	torus	relu_l1	l1_coeff	0.0003	2
54	torus_relu_l1_l1_1e-03_seed0	/n/holylabs/mweber_lab/Everyone/cbrownpinilla/sae_topology/configs/sweep_v1/torus_relu_l1_l1_1e-03_seed0.yaml	/n/holylabs/mweber_lab/Everyone/cbrownpinilla/sae_topology/results/sweep_v1/torus/relu_l1/l1_1e-03_seed0	torus	relu_l1	l1_coeff	0.001	0
55	torus_relu_l1_l1_1e-03_seed1	/n/holylabs/mweber_lab/Everyone/cbrownpinilla/sae_topology/configs/sweep_v1/torus_relu_l1_l1_1e-03_seed1.yaml	/n/holylabs/mweber_lab/Everyone/cbrownpinilla/sae_topology/results/sweep_v1/torus/relu_l1/l1_1e-03_seed1	torus	relu_l1	l1_coeff	0.001	1
56	torus_relu_l1_l1_1e-03_seed2	/n/holylabs/mweber_lab/Everyone/cbrownpinilla/sae_topology/configs/sweep_v1/torus_relu_l1_l1_1e-03_seed2.yaml	/n/holylabs/mweber_lab/Everyone/cbrownpinilla/sae_topology/results/sweep_v1/torus/relu_l1/l1_1e-03_seed2	torus	relu_l1	l1_coeff	0.001	2
57	torus_relu_l1_l1_3e-03_seed0	/n/holylabs/mweber_lab/Everyone/cbrownpinilla/sae_topology/configs/sweep_v1/torus_relu_l1_l1_3e-03_seed0.yaml	/n/holylabs/mweber_lab/Everyone/cbrownpinilla/sae_topology/results/sweep_v1/torus/relu_l1/l1_3e-03_seed0	torus	relu_l1	l1_coeff	0.003	0
58	torus_relu_l1_l1_3e-03_seed1	/n/holylabs/mweber_lab/Everyone/cbrownpinilla/sae_topology/configs/sweep_v1/torus_relu_l1_l1_3e-03_seed1.yaml	/n/holylabs/mweber_lab/Everyone/cbrownpinilla/sae_topology/results/sweep_v1/torus/relu_l1/l1_3e-03_seed1	torus	relu_l1	l1_coeff	0.003	1
59	torus_relu_l1_l1_3e-03_seed2	/n/holylabs/mweber_lab/Everyone/cbrownpinilla/sae_topology/configs/sweep_v1/torus_relu_l1_l1_3e-03_seed2.yaml	/n/holylabs/mweber_lab/Everyone/cbrownpinilla/sae_topology/results/sweep_v1/torus/relu_l1/l1_3e-03_seed2	torus	relu_l1	l1_coeff	0.003	2
60	torus_relu_l1_l1_1e-02_seed0	/n/holylabs/mweber_lab/Everyone/cbrownpinilla/sae_topology/configs/sweep_v1/torus_relu_l1_l1_1e-02_seed0.yaml	/n/holylabs/mweber_lab/Everyone/cbrownpinilla/sae_topology/results/sweep_v1/torus/relu_l1/l1_1e-02_seed0	torus	relu_l1	l1_coeff	0.01	0
61	torus_relu_l1_l1_1e-02_seed1	/n/holylabs/mweber_lab/Everyone/cbrownpinilla/sae_topology/configs/sweep_v1/torus_relu_l1_l1_1e-02_seed1.yaml	/n/holylabs/mweber_lab/Everyone/cbrownpinilla/sae_topology/results/sweep_v1/torus/relu_l1/l1_1e-02_seed1	torus	relu_l1	l1_coeff	0.01	1
62	torus_relu_l1_l1_1e-02_seed2	/n/holylabs/mweber_lab/Everyone/cbrownpinilla/sae_topology/configs/sweep_v1/torus_relu_l1_l1_1e-02_seed2.yaml	/n/holylabs/mweber_lab/Everyone/cbrownpinilla/sae_topology/results/sweep_v1/torus/relu_l1/l1_1e-02_seed2	torus	relu_l1	l1_coeff	0.01	2
63	torus_topk_k01_seed0	/n/holylabs/mweber_lab/Everyone/cbrownpinilla/sae_topology/configs/sweep_v1/torus_topk_k01_seed0.yaml	/n/holylabs/mweber_lab/Everyone/cbrownpinilla/sae_topology/results/sweep_v1/torus/topk/k01_seed0	torus	topk	k	1	0
64	torus_topk_k01_seed1	/n/holylabs/mweber_lab/Everyone/cbrownpinilla/sae_topology/configs/sweep_v1/torus_topk_k01_seed1.yaml	/n/holylabs/mweber_lab/Everyone/cbrownpinilla/sae_topology/results/sweep_v1/torus/topk/k01_seed1	torus	topk	k	1	1
65	torus_topk_k01_seed2	/n/holylabs/mweber_lab/Everyone/cbrownpinilla/sae_topology/configs/sweep_v1/torus_topk_k01_seed2.yaml	/n/holylabs/mweber_lab/Everyone/cbrownpinilla/sae_topology/results/sweep_v1/torus/topk/k01_seed2	torus	topk	k	1	2
66	torus_topk_k02_seed0	/n/holylabs/mweber_lab/Everyone/cbrownpinilla/sae_topology/configs/sweep_v1/torus_topk_k02_seed0.yaml	/n/holylabs/mweber_lab/Everyone/cbrownpinilla/sae_topology/results/sweep_v1/torus/topk/k02_seed0	torus	topk	k	2	0
67	torus_topk_k02_seed1	/n/holylabs/mweber_lab/Everyone/cbrownpinilla/sae_topology/configs/sweep_v1/torus_topk_k02_seed1.yaml	/n/holylabs/mweber_lab/Everyone/cbrownpinilla/sae_topology/results/sweep_v1/torus/topk/k02_seed1	torus	topk	k	2	1
68	torus_topk_k02_seed2	/n/holylabs/mweber_lab/Everyone/cbrownpinilla/sae_topology/configs/sweep_v1/torus_topk_k02_seed2.yaml	/n/holylabs/mweber_lab/Everyone/cbrownpinilla/sae_topology/results/sweep_v1/torus/topk/k02_seed2	torus	topk	k	2	2
69	torus_topk_k03_seed0	/n/holylabs/mweber_lab/Everyone/cbrownpinilla/sae_topology/configs/sweep_v1/torus_topk_k03_seed0.yaml	/n/holylabs/mweber_lab/Everyone/cbrownpinilla/sae_topology/results/sweep_v1/torus/topk/k03_seed0	torus	topk	k	3	0
70	torus_topk_k03_seed1	/n/holylabs/mweber_lab/Everyone/cbrownpinilla/sae_topology/configs/sweep_v1/torus_topk_k03_seed1.yaml	/n/holylabs/mweber_lab/Everyone/cbrownpinilla/sae_topology/results/sweep_v1/torus/topk/k03_seed1	torus	topk	k	3	1
71	torus_topk_k03_seed2	/n/holylabs/mweber_lab/Everyone/cbrownpinilla/sae_topology/configs/sweep_v1/torus_topk_k03_seed2.yaml	/n/holylabs/mweber_lab/Everyone/cbrownpinilla/sae_topology/results/sweep_v1/torus/topk/k03_seed2	torus	topk	k	3	2
72	torus_topk_k04_seed0	/n/holylabs/mweber_lab/Everyone/cbrownpinilla/sae_topology/configs/sweep_v1/torus_topk_k04_seed0.yaml	/n/holylabs/mweber_lab/Everyone/cbrownpinilla/sae_topology/results/sweep_v1/torus/topk/k04_seed0	torus	topk	k	4	0
73	torus_topk_k04_seed1	/n/holylabs/mweber_lab/Everyone/cbrownpinilla/sae_topology/configs/sweep_v1/torus_topk_k04_seed1.yaml	/n/holylabs/mweber_lab/Everyone/cbrownpinilla/sae_topology/results/sweep_v1/torus/topk/k04_seed1	torus	topk	k	4	1
74	torus_topk_k04_seed2	/n/holylabs/mweber_lab/Everyone/cbrownpinilla/sae_topology/configs/sweep_v1/torus_topk_k04_seed2.yaml	/n/holylabs/mweber_lab/Everyone/cbrownpinilla/sae_topology/results/sweep_v1/torus/topk/k04_seed2	torus	topk	k	4	2
75	torus_topk_k06_seed0	/n/holylabs/mweber_lab/Everyone/cbrownpinilla/sae_topology/configs/sweep_v1/torus_topk_k06_seed0.yaml	/n/holylabs/mweber_lab/Everyone/cbrownpinilla/sae_topology/results/sweep_v1/torus/topk/k06_seed0	torus	topk	k	6	0
76	torus_topk_k06_seed1	/n/holylabs/mweber_lab/Everyone/cbrownpinilla/sae_topology/configs/sweep_v1/torus_topk_k06_seed1.yaml	/n/holylabs/mweber_lab/Everyone/cbrownpinilla/sae_topology/results/sweep_v1/torus/topk/k06_seed1	torus	topk	k	6	1
77	torus_topk_k06_seed2	/n/holylabs/mweber_lab/Everyone/cbrownpinilla/sae_topology/configs/sweep_v1/torus_topk_k06_seed2.yaml	/n/holylabs/mweber_lab/Everyone/cbrownpinilla/sae_topology/results/sweep_v1/torus/topk/k06_seed2	torus	topk	k	6	2
78	torus_topk_k08_seed0	/n/holylabs/mweber_lab/Everyone/cbrownpinilla/sae_topology/configs/sweep_v1/torus_topk_k08_seed0.yaml	/n/holylabs/mweber_lab/Everyone/cbrownpinilla/sae_topology/results/sweep_v1/torus/topk/k08_seed0	torus	topk	k	8	0
79	torus_topk_k08_seed1	/n/holylabs/mweber_lab/Everyone/cbrownpinilla/sae_topology/configs/sweep_v1/torus_topk_k08_seed1.yaml	/n/holylabs/mweber_lab/Everyone/cbrownpinilla/sae_topology/results/sweep_v1/torus/topk/k08_seed1	torus	topk	k	8	1
80	torus_topk_k08_seed2	/n/holylabs/mweber_lab/Everyone/cbrownpinilla/sae_topology/configs/sweep_v1/torus_topk_k08_seed2.yaml	/n/holylabs/mweber_lab/Everyone/cbrownpinilla/sae_topology/results/sweep_v1/torus/topk/k08_seed2	torus	topk	k	8	2
81	torus_jumprelu_l0_1e-03_seed0	/n/holylabs/mweber_lab/Everyone/cbrownpinilla/sae_topology/configs/sweep_v1/torus_jumprelu_l0_1e-03_seed0.yaml	/n/holylabs/mweber_lab/Everyone/cbrownpinilla/sae_topology/results/sweep_v1/torus/jumprelu/l0_1e-03_seed0	torus	jumprelu	l0_coeff	0.001	0
82	torus_jumprelu_l0_1e-03_seed1	/n/holylabs/mweber_lab/Everyone/cbrownpinilla/sae_topology/configs/sweep_v1/torus_jumprelu_l0_1e-03_seed1.yaml	/n/holylabs/mweber_lab/Everyone/cbrownpinilla/sae_topology/results/sweep_v1/torus/jumprelu/l0_1e-03_seed1	torus	jumprelu	l0_coeff	0.001	1
83	torus_jumprelu_l0_1e-03_seed2	/n/holylabs/mweber_lab/Everyone/cbrownpinilla/sae_topology/configs/sweep_v1/torus_jumprelu_l0_1e-03_seed2.yaml	/n/holylabs/mweber_lab/Everyone/cbrownpinilla/sae_topology/results/sweep_v1/torus/jumprelu/l0_1e-03_seed2	torus	jumprelu	l0_coeff	0.001	2
84	torus_jumprelu_l0_2e-03_seed0	/n/holylabs/mweber_lab/Everyone/cbrownpinilla/sae_topology/configs/sweep_v1/torus_jumprelu_l0_2e-03_seed0.yaml	/n/holylabs/mweber_lab/Everyone/cbrownpinilla/sae_topology/results/sweep_v1/torus/jumprelu/l0_2e-03_seed0	torus	jumprelu	l0_coeff	0.002	0
85	torus_jumprelu_l0_2e-03_seed1	/n/holylabs/mweber_lab/Everyone/cbrownpinilla/sae_topology/configs/sweep_v1/torus_jumprelu_l0_2e-03_seed1.yaml	/n/holylabs/mweber_lab/Everyone/cbrownpinilla/sae_topology/results/sweep_v1/torus/jumprelu/l0_2e-03_seed1	torus	jumprelu	l0_coeff	0.002	1
86	torus_jumprelu_l0_2e-03_seed2	/n/holylabs/mweber_lab/Everyone/cbrownpinilla/sae_topology/configs/sweep_v1/torus_jumprelu_l0_2e-03_seed2.yaml	/n/holylabs/mweber_lab/Everyone/cbrownpinilla/sae_topology/results/sweep_v1/torus/jumprelu/l0_2e-03_seed2	torus	jumprelu	l0_coeff	0.002	2
87	torus_jumprelu_l0_3e-03_seed0	/n/holylabs/mweber_lab/Everyone/cbrownpinilla/sae_topology/configs/sweep_v1/torus_jumprelu_l0_3e-03_seed0.yaml	/n/holylabs/mweber_lab/Everyone/cbrownpinilla/sae_topology/results/sweep_v1/torus/jumprelu/l0_3e-03_seed0	torus	jumprelu	l0_coeff	0.003	0
88	torus_jumprelu_l0_3e-03_seed1	/n/holylabs/mweber_lab/Everyone/cbrownpinilla/sae_topology/configs/sweep_v1/torus_jumprelu_l0_3e-03_seed1.yaml	/n/holylabs/mweber_lab/Everyone/cbrownpinilla/sae_topology/results/sweep_v1/torus/jumprelu/l0_3e-03_seed1	torus	jumprelu	l0_coeff	0.003	1
89	torus_jumprelu_l0_3e-03_seed2	/n/holylabs/mweber_lab/Everyone/cbrownpinilla/sae_topology/configs/sweep_v1/torus_jumprelu_l0_3e-03_seed2.yaml	/n/holylabs/mweber_lab/Everyone/cbrownpinilla/sae_topology/results/sweep_v1/torus/jumprelu/l0_3e-03_seed2	torus	jumprelu	l0_coeff	0.003	2
90	torus_jumprelu_l0_5e-03_seed0	/n/holylabs/mweber_lab/Everyone/cbrownpinilla/sae_topology/configs/sweep_v1/torus_jumprelu_l0_5e-03_seed0.yaml	/n/holylabs/mweber_lab/Everyone/cbrownpinilla/sae_topology/results/sweep_v1/torus/jumprelu/l0_5e-03_seed0	torus	jumprelu	l0_coeff	0.005	0
91	torus_jumprelu_l0_5e-03_seed1	/n/holylabs/mweber_lab/Everyone/cbrownpinilla/sae_topology/configs/sweep_v1/torus_jumprelu_l0_5e-03_seed1.yaml	/n/holylabs/mweber_lab/Everyone/cbrownpinilla/sae_topology/results/sweep_v1/torus/jumprelu/l0_5e-03_seed1	torus	jumprelu	l0_coeff	0.005	1
92	torus_jumprelu_l0_5e-03_seed2	/n/holylabs/mweber_lab/Everyone/cbrownpinilla/sae_topology/configs/sweep_v1/torus_jumprelu_l0_5e-03_seed2.yaml	/n/holylabs/mweber_lab/Everyone/cbrownpinilla/sae_topology/results/sweep_v1/torus/jumprelu/l0_5e-03_seed2	torus	jumprelu	l0_coeff	0.005	2
93	torus_jumprelu_l0_7e-03_seed0	/n/holylabs/mweber_lab/Everyone/cbrownpinilla/sae_topology/configs/sweep_v1/torus_jumprelu_l0_7e-03_seed0.yaml	/n/holylabs/mweber_lab/Everyone/cbrownpinilla/sae_topology/results/sweep_v1/torus/jumprelu/l0_7e-03_seed0	torus	jumprelu	l0_coeff	0.007	0
94	torus_jumprelu_l0_7e-03_seed1	/n/holylabs/mweber_lab/Everyone/cbrownpinilla/sae_topology/configs/sweep_v1/torus_jumprelu_l0_7e-03_seed1.yaml	/n/holylabs/mweber_lab/Everyone/cbrownpinilla/sae_topology/results/sweep_v1/torus/jumprelu/l0_7e-03_seed1	torus	jumprelu	l0_coeff	0.007	1
95	torus_jumprelu_l0_7e-03_seed2	/n/holylabs/mweber_lab/Everyone/cbrownpinilla/sae_topology/configs/sweep_v1/torus_jumprelu_l0_7e-03_seed2.yaml	/n/holylabs/mweber_lab/Everyone/cbrownpinilla/sae_topology/results/sweep_v1/torus/jumprelu/l0_7e-03_seed2	torus	jumprelu	l0_coeff	0.007	2
96	sphere_relu_l1_l1_1e-04_seed0	/n/holylabs/mweber_lab/Everyone/cbrownpinilla/sae_topology/configs/sweep_v1/sphere_relu_l1_l1_1e-04_seed0.yaml	/n/holylabs/mweber_lab/Everyone/cbrownpinilla/sae_topology/results/sweep_v1/sphere/relu_l1/l1_1e-04_seed0	sphere	relu_l1	l1_coeff	0.0001	0
97	sphere_relu_l1_l1_1e-04_seed1	/n/holylabs/mweber_lab/Everyone/cbrownpinilla/sae_topology/configs/sweep_v1/sphere_relu_l1_l1_1e-04_seed1.yaml	/n/holylabs/mweber_lab/Everyone/cbrownpinilla/sae_topology/results/sweep_v1/sphere/relu_l1/l1_1e-04_seed1	sphere	relu_l1	l1_coeff	0.0001	1
98	sphere_relu_l1_l1_1e-04_seed2	/n/holylabs/mweber_lab/Everyone/cbrownpinilla/sae_topology/configs/sweep_v1/sphere_relu_l1_l1_1e-04_seed2.yaml	/n/holylabs/mweber_lab/Everyone/cbrownpinilla/sae_topology/results/sweep_v1/sphere/relu_l1/l1_1e-04_seed2	sphere	relu_l1	l1_coeff	0.0001	2
99	sphere_relu_l1_l1_3e-04_seed0	/n/holylabs/mweber_lab/Everyone/cbrownpinilla/sae_topology/configs/sweep_v1/sphere_relu_l1_l1_3e-04_seed0.yaml	/n/holylabs/mweber_lab/Everyone/cbrownpinilla/sae_topology/results/sweep_v1/sphere/relu_l1/l1_3e-04_seed0	sphere	relu_l1	l1_coeff	0.0003	0
100	sphere_relu_l1_l1_3e-04_seed1	/n/holylabs/mweber_lab/Everyone/cbrownpinilla/sae_topology/configs/sweep_v1/sphere_relu_l1_l1_3e-04_seed1.yaml	/n/holylabs/mweber_lab/Everyone/cbrownpinilla/sae_topology/results/sweep_v1/sphere/relu_l1/l1_3e-04_seed1	sphere	relu_l1	l1_coeff	0.0003	1
101	sphere_relu_l1_l1_3e-04_seed2	/n/holylabs/mweber_lab/Everyone/cbrownpinilla/sae_topology/configs/sweep_v1/sphere_relu_l1_l1_3e-04_seed2.yaml	/n/holylabs/mweber_lab/Everyone/cbrownpinilla/sae_topology/results/sweep_v1/sphere/relu_l1/l1_3e-04_seed2	sphere	relu_l1	l1_coeff	0.0003	2
102	sphere_relu_l1_l1_1e-03_seed0	/n/holylabs/mweber_lab/Everyone/cbrownpinilla/sae_topology/configs/sweep_v1/sphere_relu_l1_l1_1e-03_seed0.yaml	/n/holylabs/mweber_lab/Everyone/cbrownpinilla/sae_topology/results/sweep_v1/sphere/relu_l1/l1_1e-03_seed0	sphere	relu_l1	l1_coeff	0.001	0
103	sphere_relu_l1_l1_1e-03_seed1	/n/holylabs/mweber_lab/Everyone/cbrownpinilla/sae_topology/configs/sweep_v1/sphere_relu_l1_l1_1e-03_seed1.yaml	/n/holylabs/mweber_lab/Everyone/cbrownpinilla/sae_topology/results/sweep_v1/sphere/relu_l1/l1_1e-03_seed1	sphere	relu_l1	l1_coeff	0.001	1
104	sphere_relu_l1_l1_1e-03_seed2	/n/holylabs/mweber_lab/Everyone/cbrownpinilla/sae_topology/configs/sweep_v1/sphere_relu_l1_l1_1e-03_seed2.yaml	/n/holylabs/mweber_lab/Everyone/cbrownpinilla/sae_topology/results/sweep_v1/sphere/relu_l1/l1_1e-03_seed2	sphere	relu_l1	l1_coeff	0.001	2
105	sphere_relu_l1_l1_3e-03_seed0	/n/holylabs/mweber_lab/Everyone/cbrownpinilla/sae_topology/configs/sweep_v1/sphere_relu_l1_l1_3e-03_seed0.yaml	/n/holylabs/mweber_lab/Everyone/cbrownpinilla/sae_topology/results/sweep_v1/sphere/relu_l1/l1_3e-03_seed0	sphere	relu_l1	l1_coeff	0.003	0
106	sphere_relu_l1_l1_3e-03_seed1	/n/holylabs/mweber_lab/Everyone/cbrownpinilla/sae_topology/configs/sweep_v1/sphere_relu_l1_l1_3e-03_seed1.yaml	/n/holylabs/mweber_lab/Everyone/cbrownpinilla/sae_topology/results/sweep_v1/sphere/relu_l1/l1_3e-03_seed1	sphere	relu_l1	l1_coeff	0.003	1
107	sphere_relu_l1_l1_3e-03_seed2	/n/holylabs/mweber_lab/Everyone/cbrownpinilla/sae_topology/configs/sweep_v1/sphere_relu_l1_l1_3e-03_seed2.yaml	/n/holylabs/mweber_lab/Everyone/cbrownpinilla/sae_topology/results/sweep_v1/sphere/relu_l1/l1_3e-03_seed2	sphere	relu_l1	l1_coeff	0.003	2
108	sphere_relu_l1_l1_1e-02_seed0	/n/holylabs/mweber_lab/Everyone/cbrownpinilla/sae_topology/configs/sweep_v1/sphere_relu_l1_l1_1e-02_seed0.yaml	/n/holylabs/mweber_lab/Everyone/cbrownpinilla/sae_topology/results/sweep_v1/sphere/relu_l1/l1_1e-02_seed0	sphere	relu_l1	l1_coeff	0.01	0
109	sphere_relu_l1_l1_1e-02_seed1	/n/holylabs/mweber_lab/Everyone/cbrownpinilla/sae_topology/configs/sweep_v1/sphere_relu_l1_l1_1e-02_seed1.yaml	/n/holylabs/mweber_lab/Everyone/cbrownpinilla/sae_topology/results/sweep_v1/sphere/relu_l1/l1_1e-02_seed1	sphere	relu_l1	l1_coeff	0.01	1
110	sphere_relu_l1_l1_1e-02_seed2	/n/holylabs/mweber_lab/Everyone/cbrownpinilla/sae_topology/configs/sweep_v1/sphere_relu_l1_l1_1e-02_seed2.yaml	/n/holylabs/mweber_lab/Everyone/cbrownpinilla/sae_topology/results/sweep_v1/sphere/relu_l1/l1_1e-02_seed2	sphere	relu_l1	l1_coeff	0.01	2
111	sphere_topk_k01_seed0	/n/holylabs/mweber_lab/Everyone/cbrownpinilla/sae_topology/configs/sweep_v1/sphere_topk_k01_seed0.yaml	/n/holylabs/mweber_lab/Everyone/cbrownpinilla/sae_topology/results/sweep_v1/sphere/topk/k01_seed0	sphere	topk	k	1	0
112	sphere_topk_k01_seed1	/n/holylabs/mweber_lab/Everyone/cbrownpinilla/sae_topology/configs/sweep_v1/sphere_topk_k01_seed1.yaml	/n/holylabs/mweber_lab/Everyone/cbrownpinilla/sae_topology/results/sweep_v1/sphere/topk/k01_seed1	sphere	topk	k	1	1
113	sphere_topk_k01_seed2	/n/holylabs/mweber_lab/Everyone/cbrownpinilla/sae_topology/configs/sweep_v1/sphere_topk_k01_seed2.yaml	/n/holylabs/mweber_lab/Everyone/cbrownpinilla/sae_topology/results/sweep_v1/sphere/topk/k01_seed2	sphere	topk	k	1	2
114	sphere_topk_k02_seed0	/n/holylabs/mweber_lab/Everyone/cbrownpinilla/sae_topology/configs/sweep_v1/sphere_topk_k02_seed0.yaml	/n/holylabs/mweber_lab/Everyone/cbrownpinilla/sae_topology/results/sweep_v1/sphere/topk/k02_seed0	sphere	topk	k	2	0
115	sphere_topk_k02_seed1	/n/holylabs/mweber_lab/Everyone/cbrownpinilla/sae_topology/configs/sweep_v1/sphere_topk_k02_seed1.yaml	/n/holylabs/mweber_lab/Everyone/cbrownpinilla/sae_topology/results/sweep_v1/sphere/topk/k02_seed1	sphere	topk	k	2	1
116	sphere_topk_k02_seed2	/n/holylabs/mweber_lab/Everyone/cbrownpinilla/sae_topology/configs/sweep_v1/sphere_topk_k02_seed2.yaml	/n/holylabs/mweber_lab/Everyone/cbrownpinilla/sae_topology/results/sweep_v1/sphere/topk/k02_seed2	sphere	topk	k	2	2
117	sphere_topk_k03_seed0	/n/holylabs/mweber_lab/Everyone/cbrownpinilla/sae_topology/configs/sweep_v1/sphere_topk_k03_seed0.yaml	/n/holylabs/mweber_lab/Everyone/cbrownpinilla/sae_topology/results/sweep_v1/sphere/topk/k03_seed0	sphere	topk	k	3	0
118	sphere_topk_k03_seed1	/n/holylabs/mweber_lab/Everyone/cbrownpinilla/sae_topology/configs/sweep_v1/sphere_topk_k03_seed1.yaml	/n/holylabs/mweber_lab/Everyone/cbrownpinilla/sae_topology/results/sweep_v1/sphere/topk/k03_seed1	sphere	topk	k	3	1
119	sphere_topk_k03_seed2	/n/holylabs/mweber_lab/Everyone/cbrownpinilla/sae_topology/configs/sweep_v1/sphere_topk_k03_seed2.yaml	/n/holylabs/mweber_lab/Everyone/cbrownpinilla/sae_topology/results/sweep_v1/sphere/topk/k03_seed2	sphere	topk	k	3	2
120	sphere_topk_k04_seed0	/n/holylabs/mweber_lab/Everyone/cbrownpinilla/sae_topology/configs/sweep_v1/sphere_topk_k04_seed0.yaml	/n/holylabs/mweber_lab/Everyone/cbrownpinilla/sae_topology/results/sweep_v1/sphere/topk/k04_seed0	sphere	topk	k	4	0
121	sphere_topk_k04_seed1	/n/holylabs/mweber_lab/Everyone/cbrownpinilla/sae_topology/configs/sweep_v1/sphere_topk_k04_seed1.yaml	/n/holylabs/mweber_lab/Everyone/cbrownpinilla/sae_topology/results/sweep_v1/sphere/topk/k04_seed1	sphere	topk	k	4	1
122	sphere_topk_k04_seed2	/n/holylabs/mweber_lab/Everyone/cbrownpinilla/sae_topology/configs/sweep_v1/sphere_topk_k04_seed2.yaml	/n/holylabs/mweber_lab/Everyone/cbrownpinilla/sae_topology/results/sweep_v1/sphere/topk/k04_seed2	sphere	topk	k	4	2
123	sphere_topk_k06_seed0	/n/holylabs/mweber_lab/Everyone/cbrownpinilla/sae_topology/configs/sweep_v1/sphere_topk_k06_seed0.yaml	/n/holylabs/mweber_lab/Everyone/cbrownpinilla/sae_topology/results/sweep_v1/sphere/topk/k06_seed0	sphere	topk	k	6	0
124	sphere_topk_k06_seed1	/n/holylabs/mweber_lab/Everyone/cbrownpinilla/sae_topology/configs/sweep_v1/sphere_topk_k06_seed1.yaml	/n/holylabs/mweber_lab/Everyone/cbrownpinilla/sae_topology/results/sweep_v1/sphere/topk/k06_seed1	sphere	topk	k	6	1
125	sphere_topk_k06_seed2	/n/holylabs/mweber_lab/Everyone/cbrownpinilla/sae_topology/configs/sweep_v1/sphere_topk_k06_seed2.yaml	/n/holylabs/mweber_lab/Everyone/cbrownpinilla/sae_topology/results/sweep_v1/sphere/topk/k06_seed2	sphere	topk	k	6	2
126	sphere_topk_k08_seed0	/n/holylabs/mweber_lab/Everyone/cbrownpinilla/sae_topology/configs/sweep_v1/sphere_topk_k08_seed0.yaml	/n/holylabs/mweber_lab/Everyone/cbrownpinilla/sae_topology/results/sweep_v1/sphere/topk/k08_seed0	sphere	topk	k	8	0
127	sphere_topk_k08_seed1	/n/holylabs/mweber_lab/Everyone/cbrownpinilla/sae_topology/configs/sweep_v1/sphere_topk_k08_seed1.yaml	/n/holylabs/mweber_lab/Everyone/cbrownpinilla/sae_topology/results/sweep_v1/sphere/topk/k08_seed1	sphere	topk	k	8	1
128	sphere_topk_k08_seed2	/n/holylabs/mweber_lab/Everyone/cbrownpinilla/sae_topology/configs/sweep_v1/sphere_topk_k08_seed2.yaml	/n/holylabs/mweber_lab/Everyone/cbrownpinilla/sae_topology/results/sweep_v1/sphere/topk/k08_seed2	sphere	topk	k	8	2
129	sphere_jumprelu_l0_1e-03_seed0	/n/holylabs/mweber_lab/Everyone/cbrownpinilla/sae_topology/configs/sweep_v1/sphere_jumprelu_l0_1e-03_seed0.yaml	/n/holylabs/mweber_lab/Everyone/cbrownpinilla/sae_topology/results/sweep_v1/sphere/jumprelu/l0_1e-03_seed0	sphere	jumprelu	l0_coeff	0.001	0
130	sphere_jumprelu_l0_1e-03_seed1	/n/holylabs/mweber_lab/Everyone/cbrownpinilla/sae_topology/configs/sweep_v1/sphere_jumprelu_l0_1e-03_seed1.yaml	/n/holylabs/mweber_lab/Everyone/cbrownpinilla/sae_topology/results/sweep_v1/sphere/jumprelu/l0_1e-03_seed1	sphere	jumprelu	l0_coeff	0.001	1
131	sphere_jumprelu_l0_1e-03_seed2	/n/holylabs/mweber_lab/Everyone/cbrownpinilla/sae_topology/configs/sweep_v1/sphere_jumprelu_l0_1e-03_seed2.yaml	/n/holylabs/mweber_lab/Everyone/cbrownpinilla/sae_topology/results/sweep_v1/sphere/jumprelu/l0_1e-03_seed2	sphere	jumprelu	l0_coeff	0.001	2
132	sphere_jumprelu_l0_2e-03_seed0	/n/holylabs/mweber_lab/Everyone/cbrownpinilla/sae_topology/configs/sweep_v1/sphere_jumprelu_l0_2e-03_seed0.yaml	/n/holylabs/mweber_lab/Everyone/cbrownpinilla/sae_topology/results/sweep_v1/sphere/jumprelu/l0_2e-03_seed0	sphere	jumprelu	l0_coeff	0.002	0
133	sphere_jumprelu_l0_2e-03_seed1	/n/holylabs/mweber_lab/Everyone/cbrownpinilla/sae_topology/configs/sweep_v1/sphere_jumprelu_l0_2e-03_seed1.yaml	/n/holylabs/mweber_lab/Everyone/cbrownpinilla/sae_topology/results/sweep_v1/sphere/jumprelu/l0_2e-03_seed1	sphere	jumprelu	l0_coeff	0.002	1
134	sphere_jumprelu_l0_2e-03_seed2	/n/holylabs/mweber_lab/Everyone/cbrownpinilla/sae_topology/configs/sweep_v1/sphere_jumprelu_l0_2e-03_seed2.yaml	/n/holylabs/mweber_lab/Everyone/cbrownpinilla/sae_topology/results/sweep_v1/sphere/jumprelu/l0_2e-03_seed2	sphere	jumprelu	l0_coeff	0.002	2
135	sphere_jumprelu_l0_3e-03_seed0	/n/holylabs/mweber_lab/Everyone/cbrownpinilla/sae_topology/configs/sweep_v1/sphere_jumprelu_l0_3e-03_seed0.yaml	/n/holylabs/mweber_lab/Everyone/cbrownpinilla/sae_topology/results/sweep_v1/sphere/jumprelu/l0_3e-03_seed0	sphere	jumprelu	l0_coeff	0.003	0
136	sphere_jumprelu_l0_3e-03_seed1	/n/holylabs/mweber_lab/Everyone/cbrownpinilla/sae_topology/configs/sweep_v1/sphere_jumprelu_l0_3e-03_seed1.yaml	/n/holylabs/mweber_lab/Everyone/cbrownpinilla/sae_topology/results/sweep_v1/sphere/jumprelu/l0_3e-03_seed1	sphere	jumprelu	l0_coeff	0.003	1
137	sphere_jumprelu_l0_3e-03_seed2	/n/holylabs/mweber_lab/Everyone/cbrownpinilla/sae_topology/configs/sweep_v1/sphere_jumprelu_l0_3e-03_seed2.yaml	/n/holylabs/mweber_lab/Everyone/cbrownpinilla/sae_topology/results/sweep_v1/sphere/jumprelu/l0_3e-03_seed2	sphere	jumprelu	l0_coeff	0.003	2
138	sphere_jumprelu_l0_5e-03_seed0	/n/holylabs/mweber_lab/Everyone/cbrownpinilla/sae_topology/configs/sweep_v1/sphere_jumprelu_l0_5e-03_seed0.yaml	/n/holylabs/mweber_lab/Everyone/cbrownpinilla/sae_topology/results/sweep_v1/sphere/jumprelu/l0_5e-03_seed0	sphere	jumprelu	l0_coeff	0.005	0
139	sphere_jumprelu_l0_5e-03_seed1	/n/holylabs/mweber_lab/Everyone/cbrownpinilla/sae_topology/configs/sweep_v1/sphere_jumprelu_l0_5e-03_seed1.yaml	/n/holylabs/mweber_lab/Everyone/cbrownpinilla/sae_topology/results/sweep_v1/sphere/jumprelu/l0_5e-03_seed1	sphere	jumprelu	l0_coeff	0.005	1
140	sphere_jumprelu_l0_5e-03_seed2	/n/holylabs/mweber_lab/Everyone/cbrownpinilla/sae_topology/configs/sweep_v1/sphere_jumprelu_l0_5e-03_seed2.yaml	/n/holylabs/mweber_lab/Everyone/cbrownpinilla/sae_topology/results/sweep_v1/sphere/jumprelu/l0_5e-03_seed2	sphere	jumprelu	l0_coeff	0.005	2
141	sphere_jumprelu_l0_7e-03_seed0	/n/holylabs/mweber_lab/Everyone/cbrownpinilla/sae_topology/configs/sweep_v1/sphere_jumprelu_l0_7e-03_seed0.yaml	/n/holylabs/mweber_lab/Everyone/cbrownpinilla/sae_topology/results/sweep_v1/sphere/jumprelu/l0_7e-03_seed0	sphere	jumprelu	l0_coeff	0.007	0
142	sphere_jumprelu_l0_7e-03_seed1	/n/holylabs/mweber_lab/Everyone/cbrownpinilla/sae_topology/configs/sweep_v1/sphere_jumprelu_l0_7e-03_seed1.yaml	/n/holylabs/mweber_lab/Everyone/cbrownpinilla/sae_topology/results/sweep_v1/sphere/jumprelu/l0_7e-03_seed1	sphere	jumprelu	l0_coeff	0.007	1
143	sphere_jumprelu_l0_7e-03_seed2	/n/holylabs/mweber_lab/Everyone/cbrownpinilla/sae_topology/configs/sweep_v1/sphere_jumprelu_l0_7e-03_seed2.yaml	/n/holylabs/mweber_lab/Everyone/cbrownpinilla/sae_topology/results/sweep_v1/sphere/jumprelu/l0_7e-03_seed2	sphere	jumprelu	l0_coeff	0.007	2
