topo,arch,knob,knob_val,seed,mse,mean_l0,n_dead,E,modal_betti,correct_region_frac,spectral_pass,mapper_pass,multiplicity_pass,overall_pass
circle,relu_l1,l1_1e-02,0.01,0,0.0025728456676006317,8.7578125,95,0.20996374777745153,"(20, 1)",0.0,False,False,False,False
circle,relu_l1,l1_1e-02,0.01,1,0.002662315731868148,8.70703125,101,0.09560905626024266,"(3, 1)",0.0,False,False,False,False
circle,relu_l1,l1_1e-02,0.01,2,0.0025573684833943844,9.23828125,99,0.18204430608004304,"(9, 0)",0.0,False,False,False,False
circle,relu_l1,l1_1e-03,0.001,0,0.00037731335032731295,28.0625,31,0.14649431265266585,"(1, 1)",0.20833333333333334,False,False,False,False
circle,relu_l1,l1_1e-03,0.001,1,0.0007605823338963091,27.140625,20,0.0787273103618273,"(2, 1)",0.041666666666666664,False,False,False,False
circle,relu_l1,l1_1e-03,0.001,2,0.00046997147728689015,23.6328125,41,0.10217198226910297,"(3, 1)",0.041666666666666664,False,False,False,False
circle,relu_l1,l1_1e-04,0.0001,0,0.00010720732097979635,18.140625,30,0.21551210289207112,"(1, 1)",0.5833333333333334,False,True,False,False
circle,relu_l1,l1_1e-04,0.0001,1,9.48538800003007e-05,27.55859375,14,0.18367081705123023,"(1, 1)",0.75,False,True,False,False
circle,relu_l1,l1_1e-04,0.0001,2,9.544495696900412e-05,17.9375,30,0.1931629659329988,"(1, 1)",0.6666666666666666,False,True,False,False
circle,relu_l1,l1_3e-03,0.003,0,0.0008514299988746643,26.79296875,22,0.07677409824104549,"(2, 1)",0.08333333333333333,False,False,False,False
circle,relu_l1,l1_3e-03,0.003,1,0.0010395206045359373,25.5390625,25,0.12194249002545832,"(3, 1)",0.041666666666666664,False,False,False,False
circle,relu_l1,l1_3e-03,0.003,2,0.0009453837992623448,24.234375,30,0.051689099993351646,"(1, 1)",0.08333333333333333,False,False,False,False
circle,relu_l1,l1_3e-04,0.0003,0,0.00014961314445827156,38.3046875,19,0.01328687993704686,"(1, 1)",0.3333333333333333,True,False,True,False
circle,relu_l1,l1_3e-04,0.0003,1,0.0001423328649252653,36.3671875,29,0.045453464393920076,"(1, 1)",0.5,True,True,False,False
circle,relu_l1,l1_3e-04,0.0003,2,0.00015962100587785244,35.83984375,40,0.14144982432887385,"(1, 1)",0.375,False,False,False,False
circle,topk,k02,2.0,0,0.0001965782284969464,2.0,66,inf,"(217, 0)",0.0,False,False,False,False
circle,topk,k02,2.0,1,0.00012197285104775801,2.0,67,inf,"(237, 0)",0.0,False,False,False,False
circle,topk,k02,2.0,2,0.00012044461618643254,2.0,73,inf,"(237, 0)",0.0,False,False,False,False
circle,topk,k03,3.0,0,0.00017582353029865772,3.0,23,inf,"(522, 0)",0.0,False,False,False,False
circle,topk,k03,3.0,1,0.00014498468954116106,3.0,38,inf,"(549, 0)",0.0,False,False,False,False
circle,topk,k03,3.0,2,0.00017491956532467157,3.0,42,inf,"(549, 0)",0.0,False,False,False,False
circle,topk,k04,4.0,0,0.0001792596885934472,4.0,78,inf,"(287, 0)",0.0,False,False,False,False
circle,topk,k04,4.0,1,0.0001785023632692173,4.0,85,inf,"(259, 0)",0.0,False,False,False,False
circle,topk,k04,4.0,2,0.00014285701035987586,4.0,65,inf,"(442, 0)",0.0,False,False,False,False
circle,topk,k08,8.0,0,0.0001068767232936807,7.43359375,73,11.974559108450256,"(155, 0)",0.0,False,False,False,False
circle,topk,k08,8.0,2,0.00010761643352452666,8.0,11,12.673951413003227,"(588, 0)",0.0,False,False,False,False
circle,topk,k24,24.0,1,0.0002027171867666766,24.0,39,inf,"(44, 0)",0.0,False,False,False,False
circle,topk,k24,24.0,2,0.0001566973514854908,24.0,4,inf,"(13, 1)",0.0,False,False,False,False
circle,topk,k32,32.0,0,0.00017242631292901933,32.0,16,inf,"(37, 0)",0.0,False,False,False,False
circle,topk,k32,32.0,1,0.0001828059903346002,32.0,9,inf,"(12, 0)",0.0,False,False,False,False
circle,topk,k32,32.0,2,0.00012095501006115228,31.52734375,35,1.0776613768631351,"(4, 0)",0.0,False,False,False,False
helix,relu_l1,l1_1e-02,0.01,0,0.00996825098991394,44.3359375,38,0.028150160096980414,"(1, 0)",0.8333333333333334,True,True,True,False
helix,relu_l1,l1_1e-02,0.01,1,0.01049567200243473,54.7890625,19,0.009531758502451576,"(1, 0)",0.875,True,True,False,False
helix,relu_l1,l1_1e-02,0.01,2,0.0051994589157402515,44.7421875,27,0.04933035281758688,"(1, 0)",0.8333333333333334,True,True,True,False
helix,relu_l1,l1_1e-03,0.001,0,0.0019882130436599255,52.94921875,39,0.0560766274584995,"(1, 0)",0.8333333333333334,False,True,False,False
helix,relu_l1,l1_1e-03,0.001,1,0.0070901894941926,96.68359375,11,0.007284659674604133,"(1, 0)",0.9166666666666666,True,True,True,False
helix,relu_l1,l1_1e-03,0.001,2,0.005038749892264605,79.79296875,16,0.01361472302326851,"(1, 0)",0.875,True,True,True,False
helix,relu_l1,l1_1e-04,0.0001,0,0.0014073861530050635,102.08984375,6,0.025599766827716003,"(1, 0)",0.875,True,True,True,False
helix,relu_l1,l1_1e-04,0.0001,1,0.0035446409601718187,112.25390625,0,0.003753601941848951,"(1, 0)",0.9583333333333334,True,True,True,False
helix,relu_l1,l1_1e-04,0.0001,2,0.00235756766051054,102.9765625,5,0.004500822903164354,"(1, 0)",0.875,True,True,True,False
helix,relu_l1,l1_3e-03,0.003,0,0.0054009114392101765,82.125,3,0.01927463316052281,"(1, 0)",0.875,True,True,False,False
helix,relu_l1,l1_3e-03,0.003,1,0.005751373246312141,72.5859375,25,0.012980019285980932,"(1, 0)",0.9166666666666666,True,True,True,False
helix,relu_l1,l1_3e-03,0.003,2,0.0032029382418841124,58.8515625,23,0.01264205971213349,"(1, 0)",0.9166666666666666,True,True,False,False
helix,relu_l1,l1_3e-04,0.0003,0,0.0011015746276825666,80.59375,21,0.05101976762120152,"(1, 0)",0.9583333333333334,False,True,False,False
helix,relu_l1,l1_3e-04,0.0003,1,0.004713755566626787,100.49609375,3,0.008166369527528588,"(1, 0)",0.9166666666666666,True,True,False,False
helix,relu_l1,l1_3e-04,0.0003,2,0.004596557002514601,98.99609375,2,0.008252457842660458,"(1, 0)",0.9166666666666666,True,True,True,False
helix,topk,k02,2.0,0,0.0010137178469449282,2.0,113,inf,"(97, 0)",0.0,False,False,False,False
helix,topk,k02,2.0,1,0.0013469007099047303,2.0,113,inf,"(99, 0)",0.0,False,False,False,False
helix,topk,k02,2.0,2,0.0011492352932691574,2.0,112,inf,"(113, 0)",0.0,False,False,False,False
helix,topk,k03,3.0,0,0.0009949419181793928,3.0,99,inf,"(129, 0)",0.0,False,False,False,False
helix,topk,k03,3.0,1,0.0011581501457840204,3.0,89,inf,"(141, 0)",0.0,False,False,False,False
helix,topk,k03,3.0,2,0.0011046561412513256,3.0,99,inf,"(144, 0)",0.0,False,False,False,False
helix,topk,k04,4.0,0,0.001016136142425239,4.0,91,inf,"(166, 0)",0.0,False,False,False,False
helix,topk,k04,4.0,1,0.0010415372671559453,4.0,68,inf,"(164, 0)",0.0,False,False,False,False
helix,topk,k04,4.0,2,0.0011786037357524037,4.0,76,inf,"(151, 0)",0.0,False,False,False,False
helix,topk,k06,6.0,0,0.0011421218514442444,6.0,62,inf,"(225, 0)",0.0,False,False,False,False
helix,topk,k06,6.0,1,0.0012103102635592222,6.0,69,inf,"(231, 0)",0.0,False,False,False,False
helix,topk,k06,6.0,2,0.0013798930449411273,6.0,60,inf,"(254, 0)",0.0,False,False,False,False
helix,topk,k08,8.0,0,0.00197839317843318,8.0,50,inf,"(374, 0)",0.0,False,False,False,False
helix,topk,k08,8.0,1,0.0013966124970465899,8.0,94,inf,"(174, 0)",0.0,False,False,False,False
helix,topk,k08,8.0,2,0.0014343869406729937,8.0,98,inf,"(157, 0)",0.0,False,False,False,False
helix,topk,k16,16.0,0,0.0005379898939281702,16.0,71,inf,"(269, 0)",0.0,False,False,False,False
helix,topk,k16,16.0,2,0.0007386020733974874,16.0,83,inf,"(272, 0)",0.0,False,False,False,False
helix,topk,k24,24.0,0,0.0006071101524867117,24.0,59,inf,"(429, 0)",0.0,False,False,False,False
helix,topk,k24,24.0,2,0.00040710397297516465,24.0,58,inf,"(343, 0)",0.0,False,False,False,False
helix,topk,k32,32.0,0,0.0005028935265727341,32.0,53,9.27881192618287,"(477, 0)",0.0,False,False,False,False
helix,topk,k32,32.0,1,0.0006241033552214503,32.0,48,inf,"(502, 0)",0.0,False,False,False,False
helix,topk,k32,32.0,2,0.0004081075603608042,32.0,52,inf,"(371, 0)",0.0,False,False,False,False
sphere,relu_l1,l1_1e-02,0.01,0,0.0028580811340361834,16.3984375,43,0.034513477909690386,"(1, 0)",0.5833333333333334,True,True,False,False
sphere,relu_l1,l1_1e-02,0.01,1,0.002828913973644376,12.37109375,73,0.02606287143663635,"(1, 0)",0.5,True,True,False,False
sphere,relu_l1,l1_1e-02,0.01,2,0.0030968307983130217,10.10546875,87,0.019652465135388673,"(1, 0)",0.5416666666666666,True,True,True,False
sphere,relu_l1,l1_1e-03,0.001,0,0.00027483468875288963,19.08984375,52,0.04638159852706951,"(1, 0)",0.5416666666666666,True,True,False,False
sphere,relu_l1,l1_1e-03,0.001,1,0.0002854776394087821,20.04296875,46,0.04438696276337464,"(1, 0)",0.625,True,True,False,False
sphere,relu_l1,l1_1e-03,0.001,2,0.00029869659920223057,19.8359375,44,0.05022624888882077,"(1, 0)",0.625,False,True,False,False
sphere,relu_l1,l1_1e-04,0.0001,0,0.00010764022590592504,27.27734375,29,0.4002005710879042,"(1, 0)",0.625,False,True,False,False
sphere,relu_l1,l1_1e-04,0.0001,1,0.0001103599788621068,26.27734375,30,0.4483367993085231,"(1, 0)",0.625,False,True,False,False
sphere,relu_l1,l1_1e-04,0.0001,2,0.00011224735499126837,40.87890625,20,0.2830396106105782,"(1, 0)",0.5833333333333334,False,True,False,False
sphere,relu_l1,l1_3e-03,0.003,0,0.0005112591898068786,19.66796875,43,0.04104647001652555,"(1, 0)",0.5416666666666666,True,True,False,False
sphere,relu_l1,l1_3e-03,0.003,1,0.0005612427485175431,20.3515625,38,0.0318090587191177,"(1, 0)",0.5416666666666666,True,True,False,False
sphere,relu_l1,l1_3e-03,0.003,2,0.0005637904978357255,19.875,40,0.04435332676275213,"(1, 0)",0.5416666666666666,True,True,False,False
sphere,relu_l1,l1_3e-04,0.0003,0,0.00013684792793355882,23.21484375,39,0.2503800201270034,"(1, 0)",0.625,False,True,False,False
sphere,relu_l1,l1_3e-04,0.0003,1,0.00013450076221488416,27.79296875,30,0.11043112292862088,"(1, 0)",0.625,False,True,False,False
sphere,relu_l1,l1_3e-04,0.0003,2,0.0001278474082937464,21.34765625,51,0.1982227887349553,"(1, 0)",0.625,False,True,False,False
sphere,topk,k01,1.0,0,0.00029118344536982477,1.0,30,inf,"(336, 0)",0.0,False,False,False,False
sphere,topk,k01,1.0,1,0.0003128213866148144,1.0,29,inf,"(378, 0)",0.0,False,False,False,False
sphere,topk,k01,1.0,2,0.0002946761960629374,1.0,24,inf,"(361, 0)",0.0,False,False,False,False
sphere,topk,k02,2.0,0,0.00047981151146814227,2.0,90,20.732567629897616,"(221, 0)",0.0,False,False,False,False
sphere,topk,k02,2.0,1,0.0004697983094956726,2.0,84,inf,"(237, 0)",0.0,False,False,False,False
sphere,topk,k02,2.0,2,0.0004974934854544699,2.0,84,inf,"(207, 0)",0.0,False,False,False,False
sphere,topk,k16,16.0,0,0.00018070357327815145,15.99609375,41,0.504097761778457,"(1, 1)",0.0,False,False,False,False
sphere,topk,k16,16.0,1,0.0002558664127718657,16.0,50,27.754554606088746,"(10, 0)",0.0,False,False,False,False
sphere,topk,k16,16.0,2,0.00036644359352067113,16.0,32,inf,"(5, 0)",0.0,False,False,False,False
sphere,topk,k24,24.0,0,0.00023225316544994712,24.0,39,0.10258372334591931,"(1, 0)",0.4166666666666667,False,False,False,False
sphere,topk,k24,24.0,1,0.00023431400768458843,24.0,31,0.12641162415409352,"(1, 0)",0.16666666666666666,False,False,False,False
sphere,topk,k24,24.0,2,0.0003046455094590783,23.98046875,33,0.11690683803387397,"(2, 0)",0.08333333333333333,False,False,False,False
sphere,topk,k32,32.0,0,0.00014650460798293352,31.95703125,24,0.254091796222623,"(1, 0)",0.5416666666666666,False,True,False,False
sphere,topk,k32,32.0,1,0.00017901480896398425,31.9921875,12,0.10342471642318196,"(1, 0)",0.4583333333333333,False,False,False,False
sphere,topk,k32,32.0,2,0.00020661271992139518,32.0,22,0.0961686088451165,"(1, 0)",0.2916666666666667,False,False,False,False
torus,relu_l1,l1_1e-02,0.01,0,0.0033372461330145597,17.66796875,35,0.03825296530340317,"(1, 2)",0.041666666666666664,True,False,False,False
torus,relu_l1,l1_1e-02,0.01,1,0.0032824159134179354,15.46875,53,0.0751599763914125,"(1, 2)",0.08333333333333333,False,False,False,False
torus,relu_l1,l1_1e-02,0.01,2,0.003243957180529833,15.92578125,48,0.04358557197706493,"(1, 2)",0.16666666666666666,True,False,False,False
torus,relu_l1,l1_1e-03,0.001,0,0.00023643989698030055,16.8671875,63,0.07687157159207592,"(1, 2)",0.16666666666666666,False,False,False,False
torus,relu_l1,l1_1e-03,0.001,1,0.00022272893693298101,16.24609375,67,0.05345168888923607,"(1, 2)",0.3333333333333333,False,False,False,False
torus,relu_l1,l1_1e-03,0.001,2,0.00021507473138626665,15.875,70,0.057712351347866855,"(1, 2)",0.25,False,False,False,False
torus,relu_l1,l1_1e-04,0.0001,0,0.00012088850780855864,24.22265625,24,0.20376009079528448,"(1, 2)",0.25,False,False,False,False
torus,relu_l1,l1_1e-04,0.0001,1,0.00012589385733008385,29.65625,29,0.3060010756935153,"(1, 2)",0.3333333333333333,False,False,False,False
torus,relu_l1,l1_1e-04,0.0001,2,0.00012575884466059506,28.4453125,19,0.1559535492419313,"(1, 1)",0.08333333333333333,False,False,False,False
torus,relu_l1,l1_3e-03,0.003,0,0.0005257099401205778,16.89453125,59,0.019302239562837453,"(1, 2)",0.125,True,False,False,False
torus,relu_l1,l1_3e-03,0.003,1,0.0005188534269109368,16.42578125,60,0.04562454027747651,"(2, 2)",0.08333333333333333,True,False,False,False
torus,relu_l1,l1_3e-03,0.003,2,0.0004906593821942806,17.234375,55,0.043034000647439306,"(1, 2)",0.20833333333333334,True,False,False,False
torus,relu_l1,l1_3e-04,0.0003,0,0.00015322340186685324,26.53515625,36,0.2790201977736306,"(1, 2)",0.4166666666666667,False,False,False,False
torus,relu_l1,l1_3e-04,0.0003,1,0.00015309435548260808,20.15234375,40,0.3697223792224786,"(2, 2)",0.041666666666666664,False,False,False,False
torus,relu_l1,l1_3e-04,0.0003,2,0.0001427358074579388,23.109375,24,0.3657860824453865,"(1, 2)",0.375,False,False,False,False
torus,topk,k02,2.0,0,0.001006106031127274,2.0,72,inf,"(239, 0)",0.0,False,False,False,False
torus,topk,k02,2.0,1,0.0007976265624165535,2.0,67,inf,"(248, 0)",0.0,False,False,False,False
torus,topk,k02,2.0,2,0.000890546478331089,2.0,71,inf,"(219, 0)",0.0,False,False,False,False
torus,topk,k03,3.0,0,0.000810165423899889,3.0,71,inf,"(328, 0)",0.0,False,False,False,False
torus,topk,k03,3.0,1,0.000830971053801477,3.0,66,inf,"(352, 0)",0.0,False,False,False,False
torus,topk,k03,3.0,2,0.0008890908793546259,3.0,70,inf,"(333, 0)",0.0,False,False,False,False
torus,topk,k04,4.0,0,0.0005533504881896079,4.0,56,inf,"(529, 0)",0.0,False,False,False,False
torus,topk,k04,4.0,1,0.0005641467869281769,4.0,61,inf,"(584, 0)",0.0,False,False,False,False
torus,topk,k04,4.0,2,0.0005341400974430144,4.0,70,inf,"(501, 0)",0.0,False,False,False,False
torus,topk,k06,6.0,1,0.00035399789339862764,6.0,73,inf,"(758, 0)",0.0,False,False,False,False
torus,topk,k06,6.0,2,0.0003416554827708751,6.0,54,inf,"(986, 0)",0.0,False,False,False,False
torus,topk,k16,16.0,0,0.0002736899768933654,15.9921875,40,4.325948152667461,"(14, 0)",0.0,False,False,False,False
torus,topk,k16,16.0,1,0.00032732446561567485,15.98828125,33,7.211017253874457,"(7, 0)",0.0,False,False,False,False
torus,topk,k16,16.0,2,0.0002161871234420687,15.99609375,35,0.33325959186819015,"(7, 2)",0.0,False,False,False,False
torus,topk,k24,24.0,0,0.00023967077140696347,23.97265625,30,0.18518677990778187,"(6, 0)",0.0,False,False,False,False
torus,topk,k24,24.0,1,0.00023149250773712993,23.97265625,33,0.12985471177858152,"(1, 0)",0.041666666666666664,False,False,False,False
torus,topk,k24,24.0,2,0.00022878439631313086,23.984375,26,0.3312868037837018,"(1, 0)",0.041666666666666664,False,False,False,False
torus,topk,k32,32.0,0,0.0001991824246942997,31.96875,19,0.18937212914678664,"(1, 2)",0.08333333333333333,False,False,False,False
torus,topk,k32,32.0,1,0.00020758548635058105,31.96484375,18,0.2042633353946523,"(2, 2)",0.041666666666666664,False,False,False,False
torus,topk,k32,32.0,2,0.00015706985141150653,31.7421875,20,0.20810658665040807,"(1, 2)",0.375,False,False,False,False
